{
  "chain": {
    "name": "arbitrumOne",
    "id": 42161
  },
  "adapterContract": "0x89e60b56efD70a1D4FBBaE947bC33cae41e37A72",
  "adapterContractType": "multi-feed",
  "dataServiceId": "redstone-primary-prod",
  "updateTriggers": {
    "deviationPercentage": 0.5,
    "timeSinceLastUpdateInMilliseconds": 86400000
  },
  "priceFeeds": {
    "eUSD": {
      "priceFeedAddress": "0xa41107f9259bB835275eaCaAd8048307B80D7c00"
    },
    "ETH+/ETH": {
      "priceFeedAddress": "0xCfd39de761508A7aCb8C931b959127a1D9d0B3D4"
    }
  }
}
