{
  "chain": {
    "name": "base",
    "id": 8453
  },
  "adapterContract": "0xb81131B6368b3F0a83af09dB4E39Ac23DA96C2Db",
  "adapterContractType": "multi-feed",
  "dataServiceId": "redstone-primary-prod",
  "updateTriggers": {
    "deviationPercentage": 0.5,
    "timeSinceLastUpdateInMilliseconds": 86400000
  },
  "priceFeeds": {
    "SUSDz_FUNDAMENTAL": {
      "priceFeedAddress": "0x24c8964338Deb5204B096039147B8e8C3AEa42Cc"
    },
    "PUFFER": {
      "priceFeedAddress": "0x85C4F855Bc0609D2584405819EdAEa3aDAbfE97D"
    }
  }
}
