{
  "chain": {
    "name": "bnb",
    "id": 56
  },
  "adapterContract": "0x97c19d3Ae8e4d74e25EF3AFf3a277fB614ed76D4",
  "adapterContractType": "multi-feed",
  "dataServiceId": "redstone-primary-prod",
  "updateTriggers": {
    "deviationPercentage": 0.5,
    "timeSinceLastUpdateInMilliseconds": 21600000
  },
  "priceFeeds": {
    "ETH": {
      "priceFeedAddress": "0x9cF19D284862A66378c304ACAcB0E857EBc3F856"
    },
    "USDC": {
      "priceFeedAddress": "0xeA2511205b959548459A01e358E0A30424dc0B70"
    },
    "USDT": {
      "priceFeedAddress": "0xf57bA29437C130e155Ca4b65128630777638F05D"
    },
    "SolvBTC": {
      "priceFeedAddress": "0xF5F641fF3c7E39876A76e77E84041C300DFa4550"
    },
    "wstETH/ETH": {
      "priceFeedAddress": "0xE7e734789954e6CffD8C295CBD0916A0A5747D27"
    },
    "STONE": {
      "priceFeedAddress": "0x05C70f0a77c02CDB50a146D95EfE826A6B02F631"
    },
    "wstETH_FUNDAMENTAL": {
      "priceFeedAddress": "0xF43a01A39Fd28950031a42861faD703147d5C8e7"
    },
    "pufETH_FUNDAMENTAL": {
      "priceFeedAddress": "0xCa8b247304767619fCcF5b0829D0a5AAf414BA7D"
    },
    "wstETH/stETH": {
      "priceFeedAddress": "0xa76dB2Cb356ba111cCB5a7Ca369D17E1592f42Dd"
    },
    "SolvBTC.BBN_FUNDAMENTAL": {
      "priceFeedAddress": "0x24c8964338Deb5204B096039147B8e8C3AEa42Cc"
    },
    "PUFFER": {
      "priceFeedAddress": "0x85C4F855Bc0609D2584405819EdAEa3aDAbfE97D"
    }
  }
}
