{
  "chain": {
    "name": "mainnet",
    "id": 1
  },
  "adapterContract": "0xd72a6BA4a87DDB33e801b3f1c7750b2d0911fC6C",
  "adapterContractType": "multi-feed",
  "dataServiceId": "redstone-primary-prod",
  "updateTriggers": {
    "deviationPercentage": 0.5,
    "timeSinceLastUpdateInMilliseconds": 86400000
  },
  "priceFeeds": {
    "LBTC_FUNDAMENTAL": {
      "priceFeedAddress": "0xb415eAA355D8440ac7eCB602D3fb67ccC1f0bc81",
      "updateTriggersOverrides": {
        "deviationPercentage": 1,
        "timeSinceLastUpdateInMilliseconds": 86400000
      }
    },
    "pzETH/ETH": {
      "priceFeedAddress": "0x0B6c5C37215B27C944497D2d7011cBD366b0870A"
    },
    "pzETH_FUNDAMENTAL": {
      "priceFeedAddress": "0x0d7697a15bce933cE8671Ba3D60ab062dA216C60"
    },
    "USD3": {
      "priceFeedAddress": "0xB39339B82DdCF89d12d987d1D4Db33aFdd40B6AA"
    },
    "deUSD": {
      "priceFeedAddress": "0x89F48f6671Ec1B1C4f6abE964EBdd21F4eb7076f",
      "updateTriggersOverrides": {
        "deviationPercentage": 0.1,
        "timeSinceLastUpdateInMilliseconds": 43200000
      }
    },
    "eBTC/WBTC": {
      "priceFeedAddress": "0xe5867B1d421f0b52697F16e2ac437e87d66D5fbF"
    },
    "CESR": {
      "priceFeedAddress": "0x2C787Db499BD7BF1f592D8DDd79ead9a72420763",
      "updateTriggersOverrides": {
        "deviationPercentage": 0.000001,
        "timeSinceLastUpdateInMilliseconds": 86400000
      }
    },
    "SolvBTC": {
      "priceFeedAddress": "0x24c8964338Deb5204B096039147B8e8C3AEa42Cc",
      "updateTriggersOverrides": {
        "deviationPercentage": 0.5,
        "timeSinceLastUpdateInMilliseconds": 21600000
      }
    },
    "pumpBTC/BTC": {
      "priceFeedAddress": "0x85C4F855Bc0609D2584405819EdAEa3aDAbfE97D"
    },
    "fxUSD": {
      "priceFeedAddress": "0x4BAD96DD1C7D541270a0C92e1D4e5f12EEEA7a57",
      "updateTriggersOverrides": {
        "deviationPercentage": 0.2,
        "timeSinceLastUpdateInMilliseconds": 86400000
      }
    },
    "SolvBTC/BTC": {
      "priceFeedAddress": "0x3fd49f2146FE0e10c4AE7E3fE04b3d5126385Ac4",
      "updateTriggersOverrides": {
        "deviationPercentage": 0.5,
        "timeSinceLastUpdateInMilliseconds": 21600000
      }
    },
    "PUFFER": {
      "priceFeedAddress": "0x197225B3B017eb9b72Ac356D6B3c267d0c04c57c",
      "updateTriggersOverrides": {
        "deviationPercentage": 1,
        "timeSinceLastUpdateInMilliseconds": 86400000
      }
    }
  }
}
