{
  "chain": {
    "name": "haven1Testnet",
    "id": 810
  },
  "adapterContract": "0x44A08F3ba0E894169b3B88f048D5D61dBB5F541D",
  "adapterContractType": "multi-feed",
  "dataServiceId": "redstone-primary-prod",
  "updateTriggers": {
    "deviationPercentage": 0.5,
    "timeSinceLastUpdateInMilliseconds": 21600000
  },
  "priceFeeds": {
    "ETH": { "priceFeedAddress": "0x8A9F6d236f81458f00BE46b1A6Db844D6acb8Ba2" },
    "WBTC": {
      "priceFeedAddress": "0xD3443579f2fB2d0a3eAe80c2CC986861F1D78634"
    },
    "USDC": {
      "priceFeedAddress": "0xa64c65916dBAa8cA6d51FE9E27ff5eA36463C113",
      "updateTriggersOverrides": {
        "deviationPercentage": 0.2,
        "timeSinceLastUpdateInMilliseconds": 21600000
      }
    },
    "USDT": {
      "priceFeedAddress": "0xEE7aDF78a6dDCcBFBfA01f1132f3fa2160aF83a2",
      "updateTriggersOverrides": {
        "deviationPercentage": 0.2,
        "timeSinceLastUpdateInMilliseconds": 21600000
      }
    }
  }
}
