{
  "chain": {
    "name": "mode",
    "id": 34443
  },
  "adapterContract": "0xF5F641fF3c7E39876A76e77E84041C300DFa4550",
  "adapterContractType": "multi-feed",
  "dataServiceId": "redstone-primary-prod",
  "updateTriggers": {
    "deviationPercentage": 0.5,
    "timeSinceLastUpdateInMilliseconds": 21600000
  },
  "priceFeeds": {
    "ETH": {},
    "BTC": {},
    "USDC": {},
    "USDT": {},
    "weETH": {},
    "ezETH": {},
    "STONE": {},
    "rsETH": {},
    "weETH_FUNDAMENTAL": {},
    "sDAI": {}
  }
}
