<?xml version="1.0"?>

<!DOCTYPE feature SYSTEM "gdb-target.dtd">
<feature name="org.gnu.gdb.hexagon.core">
  <reg name="r0"  bitsize="32" regnum="0"  type="uint32"/>
  <reg name="r1"  bitsize="32" regnum="1"  type="uint32"/>
  <reg name="r2"  bitsize="32" regnum="2"  type="uint32"/>
  <reg name="r3"  bitsize="32" regnum="3"  type="uint32"/>
  <reg name="r4"  bitsize="32" regnum="4"  type="uint32"/>
  <reg name="r5"  bitsize="32" regnum="5"  type="uint32"/>
  <reg name="r6"  bitsize="32" regnum="6"  type="uint32"/>
  <reg name="r7"  bitsize="32" regnum="7"  type="uint32"/>
  <reg name="r8"  bitsize="32" regnum="8"  type="uint32"/>
  <reg name="r9"  bitsize="32" regnum="9"  type="uint32"/>
  <reg name="r10" bitsize="32" regnum="10" type="uint32"/>
  <reg name="r11" bitsize="32" regnum="11" type="uint32"/>
  <reg name="r12" bitsize="32" regnum="12" type="uint32"/>
  <reg name="r13" bitsize="32" regnum="13" type="uint32"/>
  <reg name="r14" bitsize="32" regnum="14" type="uint32"/>
  <reg name="r15" bitsize="32" regnum="15" type="uint32"/>
  <reg name="r16" bitsize="32" regnum="16" type="uint32"/>
  <reg name="r17" bitsize="32" regnum="17" type="uint32"/>
  <reg name="r18" bitsize="32" regnum="18" type="uint32"/>
  <reg name="r19" bitsize="32" regnum="19" type="uint32"/>
  <reg name="r20" bitsize="32" regnum="20" type="uint32"/>
  <reg name="r21" bitsize="32" regnum="21" type="uint32"/>
  <reg name="r22" bitsize="32" regnum="22" type="uint32"/>
  <reg name="r23" bitsize="32" regnum="23" type="uint32"/>
  <reg name="r24" bitsize="32" regnum="24" type="uint32"/>
  <reg name="r25" bitsize="32" regnum="25" type="uint32"/>
  <reg name="r26" bitsize="32" regnum="26" type="uint32"/>
  <reg name="r27" bitsize="32" regnum="27" type="uint32"/>
  <reg name="r28" bitsize="32" regnum="28" type="uint32"/>
  <reg name="r29" bitsize="32" regnum="29" type="uint32"/>
  <reg name="r30" bitsize="32" regnum="30" type="uint32"/>
  <reg name="r31" bitsize="32" regnum="31" type="uint32"/>
  <reg name="sa0" bitsize="32" regnum="32" type="uint32"/>
  <reg name="lc0" bitsize="32" regnum="33" type="uint32"/>
  <reg name="sa1" bitsize="32" regnum="34" type="uint32"/>
  <reg name="lc1" bitsize="32" regnum="35" type="uint32"/>  
</feature>
