{
  "chain": {
    "name": "Canto Testnet",
    "id": 7701
  },
  "updateTriggers": {
    "timeSinceLastUpdateInMilliseconds": 3600000
  },
  "adapterContract": "0x3d4F0DE18f07D4B2C9cd5158b407C7D7CE416AAD",
  "dataServiceId": "redstone-main-demo",
  "priceFeeds": {
    "CANTO": "0xb023edad08B9A105CE7adE54B5dd83E43f544426",
    "ETH": "0x9aCA2eAA465a930Af067204870104D6ca82f7676",
    "ATOM": "0x537823970B58601F1309373e5362128c31DdAA48",
    "USDC": "0xDd06C4c928dEd7435c3d93e7CB8c3968b98F8950",
    "USDT": "0xE38bA844b36ce56639dCaE9EBE2F16F31d8ab903"
  }
}
