{
  "chain": {
    "name": "Celo Baklava Testnet",
    "id": 62320
  },
  "updateTriggers": {
    "timeSinceLastUpdateInMilliseconds": 250000,
    "deviationPercentage": 0.2
  },
  "adapterContract": "0x6E0b50972117d50E3a18Fa8317c0D70B1edC3bFE",
  "adapterContractType": "mento",
  "dataServiceId": "redstone-primary-prod",
  "priceFeeds": {
    "CELO": "__NO_FEED__",
    "CELO/EUR": "__NO_FEED__",
    "CELO/BRL": "__NO_FEED__",
    "USDC": "__NO_FEED__",
    "USDC/EUR": "__NO_FEED__",
    "USDC/BRL": "__NO_FEED__",
    "EUROC/EUR": "__NO_FEED__"
  }
}
