{
  "chain": {
    "name": "Celo Mainnet",
    "id": 42220
  },
  "updateTriggers": {
    "timeSinceLastUpdateInMilliseconds": 250000,
    "deviationPercentage": 0.2
  },
  "adapterContract": "0x6490a3FFAD86CA14FF84Be380D5639Fb8fBD311B",
  "adapterContractType": "mento",
  "dataServiceId": "redstone-primary-prod",
  "priceFeeds": {
    "CELO": "__NO_FEED__",
    "CELO/EUR": "__NO_FEED__",
    "CELO/BRL": "__NO_FEED__",
    "USDC": "__NO_FEED__",
    "USDC/EUR": "__NO_FEED__",
    "USDC/BRL": "__NO_FEED__",
    "EUROC/EUR": "__NO_FEED__"
  }
}
