{"stats":{"minecraft:used":{"minecraft:warden_spawn_egg":1,"minecraft:netherite_sword":142,"minecraft:firework_rocket":1,"minecraft:elytra":1,"minecraft:tnt_minecart":48,"minecraft:torch":109,"minecraft:rail":9,"minecraft:anvil":19,"minecraft:wolf_spawn_egg":46},"minecraft:picked_up":{"minecraft:feather":4,"minecraft:chicken":4,"minecraft:glow_ink_sac":32,"minecraft:leather":6,"minecraft:torch":1,"minecraft:porkchop":3,"minecraft:ink_sac":50,"minecraft:gunpowder":50,"minecraft:string":13,"minecraft:dirt":48,"minecraft:arrow":42,"minecraft:bone":36,"minecraft:rotten_flesh":37,"minecraft:wheat_seeds":19,"minecraft:netherite_sword":1,"minecraft:beef":6,"minecraft:gray_wool":2,"minecraft:mutton":6,"minecraft:white_wool":2,"minecraft:egg":1,"minecraft:ender_pearl":1},"minecraft:dropped":{"minecraft:wheat_seeds":1},"minecraft:killed":{"minecraft:wolf":175,"minecraft:chicken":1,"minecraft:creeper":1},"minecraft:crafted":{"minecraft:blue_dye":65},"minecraft:custom":{"minecraft:time_since_rest":2803,"minecraft:sprint_one_cm":36496,"minecraft:damage_taken":1480,"minecraft:walk_one_cm":65905,"minecraft:mob_kills":198,"minecraft:drop":1,"minecraft:damage_dealt":3433,"minecraft:fly_one_cm":518874,"minecraft:crouch_one_cm":1740,"minecraft:play_time":75992,"minecraft:deaths":16,"minecraft:sneak_time":1490,"minecraft:walk_under_water_one_cm":1310,"minecraft:aviate_one_cm":56938,"minecraft:jump":179,"minecraft:leave_game":22,"minecraft:walk_on_water_one_cm":111,"minecraft:time_since_death":2786,"minecraft:total_world_time":156954,"minecraft:fall_one_cm":15819}},"DataVersion":3953}