{
    "description": "UEFI firmware for i386",
    "interface-types": [
        "uefi"
    ],
    "mapping": {
        "device": "flash",
        "executable": {
            "filename": "/home/esifiel/qemu/build/share/qemu/edk2-i386-code.fd",
            "format": "raw"
        },
        "nvram-template": {
            "filename": "/home/esifiel/qemu/build/share/qemu/edk2-i386-vars.fd",
            "format": "raw"
        }
    },
    "targets": [
        {
            "architecture": "i386",
            "machines": [
                "pc-i440fx-*",
                "pc-q35-*"
            ]
        }
    ],
    "features": [
        "acpi-s3",
        "verbose-dynamic"
    ],
    "tags": [

    ]
}
