{"stats":{"minecraft:custom":{"minecraft:jump":2,"minecraft:open_chest":3,"minecraft:time_since_rest":148,"minecraft:crouch_one_cm":69,"minecraft:play_one_minute":7493,"minecraft:leave_game":5,"minecraft:open_shulker_box":4,"minecraft:walk_one_cm":645,"minecraft:time_since_death":109,"minecraft:deaths":3,"minecraft:change_dimension":3,"minecraft:sneak_time":262,"minecraft:drop":5},"minecraft:dropped":{"minecraft:cyan_shulker_box":2,"minecraft:flint_and_steel":2,"minecraft:chest":1},"minecraft:used":{"minecraft:chest":1,"minecraft:writable_book":1,"minecraft:written_book":1,"minecraft:cyan_shulker_box":2,"minecraft:flint_and_steel":2},"minecraft:picked_up":{"minecraft:cyan_shulker_box":2}},"DataVersion":2522}