{
  "extends": "solhint:recommended",
  "plugins": ["prettier"],
  "rules": {
    "code-complexity": "off",
    "compiler-version": ["error", ">=0.8.4"],
    "const-name-snakecase": "off",
    "constructor-syntax": "error",
    "func-visibility": ["error", { "ignoreConstructors": true }],
    "max-line-length": ["error", 132],
    "no-inline-assembly": "off",
    "not-rely-on-time": "off",
    "prettier/prettier": [
      "error",
      {
        "endOfLine": "auto"
      }
    ],
    "reason-string": "off",
    "var-name-mixedcase": "off"
  }
}
